Issuer Name,Issuer Homepage,MSRB Issuer Identifier,Issuer Type,Date Retrieved,State Abbreviation,State FIPS
ALASKA HOUSING FINANCE CORPORATION,https://emma.msrb.org/IssuerHomePage/Issuer?id=F185C01DC47A19B2E043161E0A0A841E&type=M,F185C01DC47A19B2E043161E0A0A841E,State,03/28/2024,AK,02
ALASKA ENERGY AUTH PWR REV,https://emma.msrb.org/IssuerHomePage/Issuer?id=F5951770BF67081255C8235928148878&type=G,F5951770BF67081255C8235928148878,State,03/28/2024,AK,02
ALASKA ENERGY AUTH REV,https://emma.msrb.org/IssuerHomePage/Issuer?id=718C59529B399E24BDE58B834BD5DC04&type=G,718C59529B399E24BDE58B834BD5DC04,State,03/28/2024,AK,02
ALASKA ENERGY AUTH UTIL REV,https://emma.msrb.org/IssuerHomePage/Issuer?id=E9360C841788A9F3FDA51E2C65FB922E&type=G,E9360C841788A9F3FDA51E2C65FB922E,State,03/28/2024,AK,02
ALASKA INDL DEV & EXPT AUTH,https://emma.msrb.org/IssuerHomePage/Issuer?id=CCBB023554D7B730C9BE2B3AB223F154&type=G,CCBB023554D7B730C9BE2B3AB223F154,State,03/28/2024,AK,02
ALASKA INDL DEV & EXPT AUTH CMNTY PROVIDER REV,https://emma.msrb.org/IssuerHomePage/Issuer?id=16B98A1A2FE3CF1D3916B8709FE32306&type=G,16B98A1A2FE3CF1D3916B8709FE32306,State,03/28/2024,AK,02
ALASKA INDL DEV & EXPT AUTH EXEMPT FAC REV,https://emma.msrb.org/IssuerHomePage/Issuer?id=1E40F035CD995D92EFA52D14C4693CDA&type=G,1E40F035CD995D92EFA52D14C4693CDA,State,03/28/2024,AK,02
ALASKA INDL DEV & EXPT AUTH INDL DEV REV,https://emma.msrb.org/IssuerHomePage/Issuer?id=36FD08AEAC22CF973A1B8A15579210B5&type=G,36FD08AEAC22CF973A1B8A15579210B5,State,03/28/2024,AK,02
ALASKA INDL DEV & EXPT AUTH LEASE REV,https://emma.msrb.org/IssuerHomePage/Issuer?id=3B2271BAEC26F0F202C30A569491D80A&type=G,3B2271BAEC26F0F202C30A569491D80A,State,03/28/2024,AK,02
ALASKA INDL DEV & EXPT AUTH LN ANTIC REV,https://emma.msrb.org/IssuerHomePage/Issuer?id=C305A4C2600D74C086E779F14CBCD326&type=G,C305A4C2600D74C086E779F14CBCD326,State,03/28/2024,AK,02
ALASKA INDL DEV & EXPT AUTH PWR REV,https://emma.msrb.org/IssuerHomePage/Issuer?id=0A9D4DF4C11DFDADEFA4B12ED366C306&type=G,0A9D4DF4C11DFDADEFA4B12ED366C306,State,03/28/2024,AK,02
ALASKA INDL DEV & EXPT AUTH REV,https://emma.msrb.org/IssuerHomePage/Issuer?id=CB1F290E550DA63E2A0CE96E65AC8CBD&type=G,CB1F290E550DA63E2A0CE96E65AC8CBD,State,03/28/2024,AK,02
ALASKA INDL DEV & EXPT AUTH SPORTS FACS REV,https://emma.msrb.org/IssuerHomePage/Issuer?id=26D245FF8B4B84912AC22E402351CC5B&type=G,26D245FF8B4B84912AC22E402351CC5B,State,03/28/2024,AK,02
ALASKA INDL DEV AUTH,https://emma.msrb.org/IssuerHomePage/Issuer?id=1D9E92842E4AD856FCCE435226BFAB3B&type=G,1D9E92842E4AD856FCCE435226BFAB3B,State,03/28/2024,AK,02
ALASKA INDL DEV AUTH ARPT FACS REV,https://emma.msrb.org/IssuerHomePage/Issuer?id=E08E20EAD471E6D7AC0FFEAC4F55AADB&type=G,E08E20EAD471E6D7AC0FFEAC4F55AADB,State,03/28/2024,AK,02
ALASKA INDL DEV AUTH PORT FAC REV,https://emma.msrb.org/IssuerHomePage/Issuer?id=EE5027C5372F9735DEA776F78F5BCFAD&type=G,EE5027C5372F9735DEA776F78F5BCFAD,State,03/28/2024,AK,02
ALASKA INDL DEV AUTH REV,https://emma.msrb.org/IssuerHomePage/Issuer?id=ABE02C91DC0DD3B89791768136354B0A&type=G,ABE02C91DC0DD3B89791768136354B0A,State,03/28/2024,AK,02
ALASKA MED FAC AUTH 1ST MTG HOSP REV,https://emma.msrb.org/IssuerHomePage/Issuer?id=DDF964D7BECB779189F645C6241D66FA&type=G,DDF964D7BECB779189F645C6241D66FA,State,03/28/2024,AK,02
ALASKA MUN BD BK ALASKA MUN B BK AUTH,https://emma.msrb.org/IssuerHomePage/Issuer?id=44A6A9D881271367B92B536A7F661C1C&type=G,44A6A9D881271367B92B536A7F661C1C,City,03/28/2024,AK,02
ALASKA MUN BD BK ALASKA MUN BD BK AUTH,https://emma.msrb.org/IssuerHomePage/Issuer?id=ED05A58BEFFAF23B0C228B4515543A88&type=G,ED05A58BEFFAF23B0C228B4515543A88,City,03/28/2024,AK,02
ALASKA MUN BD BK AUTH,https://emma.msrb.org/IssuerHomePage/Issuer?id=3834966F0E31AD5848806184AFF3A8DE&type=G,3834966F0E31AD5848806184AFF3A8DE,State,03/28/2024,AK,02
ALASKA MUN BD BK AUTH REV,https://emma.msrb.org/IssuerHomePage/Issuer?id=A4AFA486D04BFDE2B53C8F200D835ACF&type=G,A4AFA486D04BFDE2B53C8F200D835ACF,State,03/28/2024,AK,02
ALASKA MUN BD BK ELEC REV,https://emma.msrb.org/IssuerHomePage/Issuer?id=978130AE6EACC20F66D1E26766340BE4&type=G,978130AE6EACC20F66D1E26766340BE4,State,03/28/2024,AK,02
ALASKA PWR AUTH,https://emma.msrb.org/IssuerHomePage/Issuer?id=6E37D5936A4428834A90CE576214C163&type=G,6E37D5936A4428834A90CE576214C163,State,03/28/2024,AK,02
ALASKA RR CORP CAP GRNT RCPTS,https://emma.msrb.org/IssuerHomePage/Issuer?id=C0B6490BADD50E35C0A446991DB8619C&type=G,C0B6490BADD50E35C0A446991DB8619C,State,03/28/2024,AK,02
ALASKA RR CORP CTFS PARTN,https://emma.msrb.org/IssuerHomePage/Issuer?id=061B2E507CB5B9473AEA68C243E37D4B&type=G,061B2E507CB5B9473AEA68C243E37D4B,State,03/28/2024,AK,02
ALASKA ST,https://emma.msrb.org/IssuerHomePage/Issuer?id=22EA0F9EFA1A1A518565B342A7DEA655&type=G,22EA0F9EFA1A1A518565B342A7DEA655,State,03/28/2024,AK,02
ALASKA ST COURT SYS CTFS PARTN,https://emma.msrb.org/IssuerHomePage/Issuer?id=9916AC37DAD1F62927F50B384CA80420&type=G,9916AC37DAD1F62927F50B384CA80420,State,03/28/2024,AK,02
ALASKA ST CTFS PARTN,https://emma.msrb.org/IssuerHomePage/Issuer?id=6ACB42E8C5B48B81C396B70BA447DAFC&type=G,6ACB42E8C5B48B81C396B70BA447DAFC,State,03/28/2024,AK,02
ALASKA ST DEPT ADMIN CTFS PARTN,https://emma.msrb.org/IssuerHomePage/Issuer?id=DBCA3B1A876D146CBF6DF06ACEF378BF&type=G,DBCA3B1A876D146CBF6DF06ACEF378BF,State,03/28/2024,AK,02
ALASKA ST HSG AUTH HSG REV,https://emma.msrb.org/IssuerHomePage/Issuer?id=EC644700A19415D7F218E803656B970E&type=G,EC644700A19415D7F218E803656B970E,State,03/28/2024,AK,02
ALASKA ST HSG AUTH LEASE REV,https://emma.msrb.org/IssuerHomePage/Issuer?id=34EB304CD21299E224F719E85D2DF5C6&type=G,34EB304CD21299E224F719E85D2DF5C6,State,03/28/2024,AK,02
ALASKA ST HSG AUTH NEW PUB HSG ANCHORAGE,https://emma.msrb.org/IssuerHomePage/Issuer?id=F56D66C3043ABE61C4BB518330C938AD&type=G,F56D66C3043ABE61C4BB518330C938AD,State,03/28/2024,AK,02
ALASKA ST HSG FIN CORP REV,https://emma.msrb.org/IssuerHomePage/Issuer?id=60D3E54A973D7D4ADDE515F42E50327A&type=G,60D3E54A973D7D4ADDE515F42E50327A,State,03/28/2024,AK,02
ALASKA ST HSG FIN CORP TAXABLE DISC COML PAPER NTS 3/A2 YRS 1 & 2,https://emma.msrb.org/IssuerHomePage/Issuer?id=ED681C562CA9879486E3AC416522DEB7&type=G,ED681C562CA9879486E3AC416522DEB7,State,03/28/2024,AK,02
ALASKA ST HSG FIN CORP TAXABLE DISC COML PAPER NTS 3/A2 YRS 3 & 4,https://emma.msrb.org/IssuerHomePage/Issuer?id=01DEAC07A27ADB25DC5E3002270EE3E5&type=G,01DEAC07A27ADB25DC5E3002270EE3E5,State,03/28/2024,AK,02
ALASKA ST INTL ARPTS REVS,https://emma.msrb.org/IssuerHomePage/Issuer?id=846253060EE97A8299358DAA282B0542&type=G,846253060EE97A8299358DAA282B0542,State,03/28/2024,AK,02
ALASKA ST SEWARD STUDENT SVC CTR COML LEASE CTFS,https://emma.msrb.org/IssuerHomePage/Issuer?id=FEEE9E3C0D657DC428741EDE52B1014C&type=G,FEEE9E3C0D657DC428741EDE52B1014C,State,03/28/2024,AK,02
ALASKA ST SPORT FISHING REV,https://emma.msrb.org/IssuerHomePage/Issuer?id=419661A28BE89879C7876768478AB522&type=G,419661A28BE89879C7876768478AB522,State,03/28/2024,AK,02
ALASKA STUDENT LN CORP ED LN REV,https://emma.msrb.org/IssuerHomePage/Issuer?id=78239A291F0EFD2B78B819C6EB1EF36B&type=G,78239A291F0EFD2B78B819C6EB1EF36B,State,03/28/2024,AK,02
ALASKA STUDENT LN CORP REV,https://emma.msrb.org/IssuerHomePage/Issuer?id=9F430AA536B27432C3F79F5598D5628D&type=G,9F430AA536B27432C3F79F5598D5628D,State,03/28/2024,AK,02
ALASKA STUDENT LN CORP STUDENT LN REV,https://emma.msrb.org/IssuerHomePage/Issuer?id=8AE4A3478B0AA3AA63C53D90B2C18413&type=G,8AE4A3478B0AA3AA63C53D90B2C18413,State,03/28/2024,AK,02
ALEUTIANS EAST BUROUGH ALASKA PROJ REV,https://emma.msrb.org/IssuerHomePage/Issuer?id=8AE9C29533CE51B9179E92E6E89D38DE&type=G,8AE9C29533CE51B9179E92E6E89D38DE,City,03/28/2024,AK,02
ANCHORAGE ALASKA,https://emma.msrb.org/IssuerHomePage/Issuer?id=617C7FBD4580E78C605278AEFE748788&type=G,617C7FBD4580E78C605278AEFE748788,City,03/28/2024,AK,02
ANCHORAGE ALASKA ADDL MATURITIES IN 033160,https://emma.msrb.org/IssuerHomePage/Issuer?id=EE1C3FD623AD74D1F1C083483AC12D33&type=G,EE1C3FD623AD74D1F1C083483AC12D33,City,03/28/2024,AK,02
ANCHORAGE ALASKA CTFS PARTN,https://emma.msrb.org/IssuerHomePage/Issuer?id=108B860C649348A22DA5445E3B1CB02B&type=G,108B860C649348A22DA5445E3B1CB02B,City,03/28/2024,AK,02
ANCHORAGE ALASKA ELEC REV SUB LIEN TAX EXEMPT IAM COML PAPER NTS 3/A2 SER B-1,https://emma.msrb.org/IssuerHomePage/Issuer?id=68B8B22CF4E15AEA20225B36CC52764B&type=G,68B8B22CF4E15AEA20225B36CC52764B,City,03/28/2024,AK,02
ANCHORAGE ALASKA ELEC REV SUB LIEN TAX EXEMPT IAM COML PAPER NTS 3/A2 SER C-1,https://emma.msrb.org/IssuerHomePage/Issuer?id=81AD793D8A20106397A03EE752425F21&type=G,81AD793D8A20106397A03EE752425F21,City,03/28/2024,AK,02
ANCHORAGE ALASKA ELEC REV SUB LIEN TAXABLE IAM COML PAPER NTS 3/A2 SER B-2,https://emma.msrb.org/IssuerHomePage/Issuer?id=133AAA2B5DC6D55D6B4BC5A65630F479&type=G,133AAA2B5DC6D55D6B4BC5A65630F479,City,03/28/2024,AK,02
ANCHORAGE ALASKA ELEC REV SUB LIEN TAXABLE IAM COML PAPER NTS 3/A2 SER C-2,https://emma.msrb.org/IssuerHomePage/Issuer?id=A3173038E69B29252C3C294D2B4BB064&type=G,A3173038E69B29252C3C294D2B4BB064,City,03/28/2024,AK,02
ANCHORAGE ALASKA ELEC UTIL REV,https://emma.msrb.org/IssuerHomePage/Issuer?id=AD60814D23269E7EF55ED4CB995C8B99&type=G,AD60814D23269E7EF55ED4CB995C8B99,City,03/28/2024,AK,02
ANCHORAGE ALASKA ELEC UTIL REV SUB LIEN IAM COMLPAPER NTS 3/A2 SER A-1,https://emma.msrb.org/IssuerHomePage/Issuer?id=E72DA24FF29A42DF7957C1A42F3E1D00&type=G,E72DA24FF29A42DF7957C1A42F3E1D00,City,03/28/2024,AK,02
ANCHORAGE ALASKA ELEC UTIL REV SUB LIEN TAXABLE,https://emma.msrb.org/IssuerHomePage/Issuer?id=3F545C78264FE235C0A5185143B55663&type=G,3F545C78264FE235C0A5185143B55663,City,03/28/2024,AK,02
ANCHORAGE ALASKA ELEC UTIL REV SUB LIEN TAXABLEIAM COML PAPER NTS 3/A2 SER A-2A-2,https://emma.msrb.org/IssuerHomePage/Issuer?id=B0A4F2CBD1ABCC0C14C81685B3F90967&type=G,B0A4F2CBD1ABCC0C14C81685B3F90967,City,03/28/2024,AK,02
ANCHORAGE ALASKA HIGHER ED REV,https://emma.msrb.org/IssuerHomePage/Issuer?id=C26CCB4D4858A50A9B845D0263BEC50F&type=G,C26CCB4D4858A50A9B845D0263BEC50F,City,03/28/2024,AK,02
ANCHORAGE ALASKA HOME MTG REV,https://emma.msrb.org/IssuerHomePage/Issuer?id=55F33AD3E6FEE94D602296F55975B15C&type=G,55F33AD3E6FEE94D602296F55975B15C,City,03/28/2024,AK,02
ANCHORAGE ALASKA HOSP REV,https://emma.msrb.org/IssuerHomePage/Issuer?id=C5CC6DC078429B6668637B0A13005F0F&type=G,C5CC6DC078429B6668637B0A13005F0F,City,03/28/2024,AK,02
ANCHORAGE ALASKA ICE RINK REV,https://emma.msrb.org/IssuerHomePage/Issuer?id=32F6856E7A8297AB7219F1313ECB96A5&type=G,32F6856E7A8297AB7219F1313ECB96A5,City,03/28/2024,AK,02
ANCHORAGE ALASKA LEASE REV,https://emma.msrb.org/IssuerHomePage/Issuer?id=229AB1CEB810060A67C0A61FC42B8573&type=G,229AB1CEB810060A67C0A61FC42B8573,City,03/28/2024,AK,02
ANCHORAGE ALASKA PKG AUTH PKG REV,https://emma.msrb.org/IssuerHomePage/Issuer?id=4B6E96F6E2CE81B727E03F762CCEAC34&type=G,4B6E96F6E2CE81B727E03F762CCEAC34,City,03/28/2024,AK,02
ANCHORAGE ALASKA PORT & TERM FACS REV,https://emma.msrb.org/IssuerHomePage/Issuer?id=3E723C562635D3445CBDD73C8A8A379F&type=G,3E723C562635D3445CBDD73C8A8A379F,City,03/28/2024,AK,02
ANCHORAGE ALASKA PORT REV,https://emma.msrb.org/IssuerHomePage/Issuer?id=762BA470DBF4C5B19844A6C8EE0007C6&type=G,762BA470DBF4C5B19844A6C8EE0007C6,City,03/28/2024,AK,02
ANCHORAGE ALASKA PORT REV IAM COML PAPER NTS 3/A2 SER 2008 A AMT,https://emma.msrb.org/IssuerHomePage/Issuer?id=D8632A0CC9870320D52BB7DB71690C7F&type=G,D8632A0CC9870320D52BB7DB71690C7F,City,03/28/2024,AK,02
ANCHORAGE ALASKA PUB BLDG CORP,https://emma.msrb.org/IssuerHomePage/Issuer?id=DDC6638E419450AA299E48AD2ED8C436&type=G,DDC6638E419450AA299E48AD2ED8C436,City,03/28/2024,AK,02
ANCHORAGE ALASKA REFUSE COLLECTION UTIL REV,https://emma.msrb.org/IssuerHomePage/Issuer?id=FF04FF14D11BE4970010132CB941D2EA&type=G,FF04FF14D11BE4970010132CB941D2EA,City,03/28/2024,AK,02
ANCHORAGE ALASKA SOLID WASTE DIST UTIL REV,https://emma.msrb.org/IssuerHomePage/Issuer?id=6A8681802953AFA8A3AB974BC29046A9&type=G,6A8681802953AFA8A3AB974BC29046A9,City,03/28/2024,AK,02
ANCHORAGE ALASKA SOLID WASTE SVCS REV,https://emma.msrb.org/IssuerHomePage/Issuer?id=8DADBBD1FA292B6E351433BCDF68A30D&type=G,8DADBBD1FA292B6E351433BCDF68A30D,City,03/28/2024,AK,02
ANCHORAGE ALASKA SPL ASSMT,https://emma.msrb.org/IssuerHomePage/Issuer?id=53A1B83F78AD6DD7DA8D8077278D3700&type=G,53A1B83F78AD6DD7DA8D8077278D3700,City,03/28/2024,AK,02
ANCHORAGE ALASKA TEL REV,https://emma.msrb.org/IssuerHomePage/Issuer?id=D8E7A74B43E7247F16C3C54548FA581B&type=G,D8E7A74B43E7247F16C3C54548FA581B,City,03/28/2024,AK,02
ANCHORAGE ALASKA TEL UTIL REV,https://emma.msrb.org/IssuerHomePage/Issuer?id=627F67D64A43D8DB52B1E8F08B985B97&type=G,627F67D64A43D8DB52B1E8F08B985B97,City,03/28/2024,AK,02
ANCHORAGE ALASKA WASTEWTR REV,https://emma.msrb.org/IssuerHomePage/Issuer?id=04C24B62A6A036D4DBA4EEC012659BEC&type=G,04C24B62A6A036D4DBA4EEC012659BEC,City,03/28/2024,AK,02
ANCHORAGE ALASKA WTR REV,https://emma.msrb.org/IssuerHomePage/Issuer?id=8F1D48716B3453E973FA54F052E542E8&type=G,8F1D48716B3453E973FA54F052E542E8,City,03/28/2024,AK,02
BARROW ALASKA REV,https://emma.msrb.org/IssuerHomePage/Issuer?id=ECBAC34B36B1B2A51C2F4FBEBA14031F&type=G,ECBAC34B36B1B2A51C2F4FBEBA14031F,City,03/28/2024,AK,02
BETHEL ALASKA UTIL REV,https://emma.msrb.org/IssuerHomePage/Issuer?id=E85B37888240FD21198D99CDE2FF4D49&type=G,E85B37888240FD21198D99CDE2FF4D49,City,03/28/2024,AK,02
BRISTOL BAY BORO ALASKA,https://emma.msrb.org/IssuerHomePage/Issuer?id=713EE8BAF658DBBC7B3922557FF9B5D8&type=G,713EE8BAF658DBBC7B3922557FF9B5D8,City,03/28/2024,AK,02
BUSINESS CONTINUITY TEST MUNI,https://emma.msrb.org/IssuerHomePage/Issuer?id=D521BF959583A610B5D0671A08F83E47&type=G,D521BF959583A610B5D0671A08F83E47,Other,03/28/2024,AK,02
CIVIC VENTURES ALASKA REV,https://emma.msrb.org/IssuerHomePage/Issuer?id=8392D982D685DF6BA4CBDC0673AD7D9F&type=G,8392D982D685DF6BA4CBDC0673AD7D9F,City,03/28/2024,AK,02
COMMUNITY PPTYS ALASKA INC LEASE REV,https://emma.msrb.org/IssuerHomePage/Issuer?id=F36A6DAC49E9BE5D8D9D781827537830&type=G,F36A6DAC49E9BE5D8D9D781827537830,City,03/28/2024,AK,02
CORDOVA ALASKA,https://emma.msrb.org/IssuerHomePage/Issuer?id=27A89DCF59142227EE042C07FB8C0CBF&type=G,27A89DCF59142227EE042C07FB8C0CBF,City,03/28/2024,AK,02
CORDOVA ALASKA ELEC LT & PWR REV,https://emma.msrb.org/IssuerHomePage/Issuer?id=31B9054BCE4BE1C660844AE40E2A5AA2&type=G,31B9054BCE4BE1C660844AE40E2A5AA2,City,03/28/2024,AK,02
CORDOVA ALASKA TEL REV,https://emma.msrb.org/IssuerHomePage/Issuer?id=B1E12E26942C256442B5A32AC5F5EE41&type=G,B1E12E26942C256442B5A32AC5F5EE41,City,03/28/2024,AK,02
CORDOVA ALASKA WTR REV,https://emma.msrb.org/IssuerHomePage/Issuer?id=F24EBF5B2C5B25CD0FFF5ED68E008AC5&type=G,F24EBF5B2C5B25CD0FFF5ED68E008AC5,City,03/28/2024,AK,02
DOWNTOWN ASSN FAIRBANKS INC ALASKA LEASE REV,https://emma.msrb.org/IssuerHomePage/Issuer?id=8B24016B6F3F2E68BBCDD45FD6D9C8B2&type=G,8B24016B6F3F2E68BBCDD45FD6D9C8B2,City,03/28/2024,AK,02
FAIRBANKS ALASKA,https://emma.msrb.org/IssuerHomePage/Issuer?id=0F5FEDCDA8DF32A2DA702DE97ABA9910&type=G,0F5FEDCDA8DF32A2DA702DE97ABA9910,City,03/28/2024,AK,02
FAIRBANKS ALASKA MUN UTILS REV,https://emma.msrb.org/IssuerHomePage/Issuer?id=B2905A8177AE04907C42901F51A7CD5A&type=G,B2905A8177AE04907C42901F51A7CD5A,City,03/28/2024,AK,02
FAIRBANKS NORTH STAR BORO ALASKA,https://emma.msrb.org/IssuerHomePage/Issuer?id=35AD173EFB001342B8589C6AD5CE87DC&type=G,35AD173EFB001342B8589C6AD5CE87DC,City,03/28/2024,AK,02
FAIRBANKS NORTH STAR BORO ALASKA RES MTG REV,https://emma.msrb.org/IssuerHomePage/Issuer?id=6D252C395EFD130C016C0FC82DCE8F01&type=G,6D252C395EFD130C016C0FC82DCE8F01,City,03/28/2024,AK,02
FOUR DAM POOL PWR AGY ALASKA ELEC REV,https://emma.msrb.org/IssuerHomePage/Issuer?id=BC7FA644CF9D8DBCDDB5AABC01312D4A&type=G,BC7FA644CF9D8DBCDDB5AABC01312D4A,City,03/28/2024,AK,02
GREATER ANCHORAGE AREA BORO ALASKA CONSOLIDATED INTO ANCHORAGE ALASKA,https://emma.msrb.org/IssuerHomePage/Issuer?id=FA773FECFB6211D0C77C5D4E4D742F93&type=G,FA773FECFB6211D0C77C5D4E4D742F93,City,03/28/2024,AK,02
GREATER JUNEAU BORO ALASKA,https://emma.msrb.org/IssuerHomePage/Issuer?id=1291447F81E9E926E2A1F8C20CECB47C&type=G,1291447F81E9E926E2A1F8C20CECB47C,City,03/28/2024,AK,02
GREATER JUNEAU BORO ALASKA MED ARTS BLDG CO,https://emma.msrb.org/IssuerHomePage/Issuer?id=8BB4C1EB177327D275D7AC72DEF87D9C&type=G,8BB4C1EB177327D275D7AC72DEF87D9C,City,03/28/2024,AK,02
GREATER SITKA BORO ALASKA,https://emma.msrb.org/IssuerHomePage/Issuer?id=2AEA2B96222417A7E0283755E813BC2E&type=G,2AEA2B96222417A7E0283755E813BC2E,City,03/28/2024,AK,02
HAINES BORO ALASKA,https://emma.msrb.org/IssuerHomePage/Issuer?id=73387704E40AC76621106B6475E8B70A&type=G,73387704E40AC76621106B6475E8B70A,City,03/28/2024,AK,02
HOMER ALASKA MUNI UTIL SYS SWR REV,https://emma.msrb.org/IssuerHomePage/Issuer?id=DA78FBECC18A8D15AB3FA4159549EEB8&type=G,DA78FBECC18A8D15AB3FA4159549EEB8,City,03/28/2024,AK,02
JUNEAU ALASKA CITY & BORO,https://emma.msrb.org/IssuerHomePage/Issuer?id=B5C724715E0590D8563F7396740EBE29&type=G,B5C724715E0590D8563F7396740EBE29,City,03/28/2024,AK,02
JUNEAU ALASKA CITY & BORO HOME MTG REV,https://emma.msrb.org/IssuerHomePage/Issuer?id=9A75DFDAC5F62B2D5ADC0BF07D6D7D66&type=G,9A75DFDAC5F62B2D5ADC0BF07D6D7D66,City,03/28/2024,AK,02
JUNEAU ALASKA CITY & BORO NONRECOURSE REV,https://emma.msrb.org/IssuerHomePage/Issuer?id=D3DA5C0E977256DEED0FE8D59EFEA4C6&type=G,D3DA5C0E977256DEED0FE8D59EFEA4C6,City,03/28/2024,AK,02
JUNEAU ALASKA CITY & BORO WTR & SWR REV,https://emma.msrb.org/IssuerHomePage/Issuer?id=5D45653C054D38587E40A563F46C10EE&type=G,5D45653C054D38587E40A563F46C10EE,City,03/28/2024,AK,02
KASAAN ALASKA LEASE REV,https://emma.msrb.org/IssuerHomePage/Issuer?id=7DF71974C1C092C316F9AA8AB241FCAF&type=G,7DF71974C1C092C316F9AA8AB241FCAF,City,03/28/2024,AK,02
KASAAN ALASKA REV,https://emma.msrb.org/IssuerHomePage/Issuer?id=AE3022D9BD3CEB53BDC766E4D84DCB0E&type=G,AE3022D9BD3CEB53BDC766E4D84DCB0E,City,03/28/2024,AK,02
KENAI ALASKA,https://emma.msrb.org/IssuerHomePage/Issuer?id=305374FD489B15F16FD2733C07D36B7C&type=G,305374FD489B15F16FD2733C07D36B7C,City,03/28/2024,AK,02
KENAI ALASKA ARPT REV,https://emma.msrb.org/IssuerHomePage/Issuer?id=8EBA3CC4E7BDF4BC8CAB2372E3B6EC11&type=G,8EBA3CC4E7BDF4BC8CAB2372E3B6EC11,City,03/28/2024,AK,02
KENAI ALASKA ELEC LT & PWR REV,https://emma.msrb.org/IssuerHomePage/Issuer?id=EAC1DA473CA64BF15205F0BF1683F0C9&type=G,EAC1DA473CA64BF15205F0BF1683F0C9,City,03/28/2024,AK,02
KENAI PENINSULA BORO ALASKA,https://emma.msrb.org/IssuerHomePage/Issuer?id=C966A798A64D8D1A671A231F2909D931&type=G,C966A798A64D8D1A671A231F2909D931,City,03/28/2024,AK,02
KETCHIKAN ALASKA,https://emma.msrb.org/IssuerHomePage/Issuer?id=6F2B082BCE92B5A7B46E578AB4011E9A&type=G,6F2B082BCE92B5A7B46E578AB4011E9A,City,03/28/2024,AK,02
KETCHIKAN ALASKA MUN UTIL REV,https://emma.msrb.org/IssuerHomePage/Issuer?id=1DA21E7FF00CCF5F7E53234FA86DA5D0&type=G,1DA21E7FF00CCF5F7E53234FA86DA5D0,City,03/28/2024,AK,02
KETCHIKAN ALASKA SPL ASSMT DIST NO 90-1,https://emma.msrb.org/IssuerHomePage/Issuer?id=C21F1293608C20EC418AC854E3300BE6&type=G,C21F1293608C20EC418AC854E3300BE6,City,03/28/2024,AK,02
KETCHIKAN GATEWAY BORO ALASKA,https://emma.msrb.org/IssuerHomePage/Issuer?id=017ACA3971CFE28DCCCDEF594F25232C&type=G,017ACA3971CFE28DCCCDEF594F25232C,City,03/28/2024,AK,02
KODIAK ALASKA,https://emma.msrb.org/IssuerHomePage/Issuer?id=CBF1F184E111DB6D1F671B6335FA5B38&type=G,CBF1F184E111DB6D1F671B6335FA5B38,City,03/28/2024,AK,02
KODIAK ALASKA INDPT SCH DIST,https://emma.msrb.org/IssuerHomePage/Issuer?id=2667354F7297E43A25ACDF65F792F67C&type=G,2667354F7297E43A25ACDF65F792F67C,City,03/28/2024,AK,02
KODIAK ISLAND BORO ALASKA,https://emma.msrb.org/IssuerHomePage/Issuer?id=2782A1F4837DA144BF654A48EBDEDC6B&type=G,2782A1F4837DA144BF654A48EBDEDC6B,City,03/28/2024,AK,02
KOYUKUK ALASKA REV,https://emma.msrb.org/IssuerHomePage/Issuer?id=B5B21AAFBF791D2B3D50BE6447E3AB3A&type=G,B5B21AAFBF791D2B3D50BE6447E3AB3A,City,03/28/2024,AK,02
MANIILAQ ASSN ALASKA REV,https://emma.msrb.org/IssuerHomePage/Issuer?id=010A6FF39033EB194075C8C0E4D35D7C&type=G,010A6FF39033EB194075C8C0E4D35D7C,City,03/28/2024,AK,02
MATANUSKA-SUSITNA BORO ALASKA,https://emma.msrb.org/IssuerHomePage/Issuer?id=BC50FB257286B9511D8D5DB4F6B21BD6&type=G,BC50FB257286B9511D8D5DB4F6B21BD6,City,03/28/2024,AK,02
MATANUSKA-SUSITNA BORO ALASKA CTFS PARTN,https://emma.msrb.org/IssuerHomePage/Issuer?id=3B29E2794A20BF7D0C32234D8EA7475E&type=G,3B29E2794A20BF7D0C32234D8EA7475E,City,03/28/2024,AK,02
MATANUSKA-SUSITNA BORO ALASKA LEASE REV,https://emma.msrb.org/IssuerHomePage/Issuer?id=3255DB852AE154D3A19A71F69C7C650F&type=G,3255DB852AE154D3A19A71F69C7C650F,City,03/28/2024,AK,02
NOME ALASKA,https://emma.msrb.org/IssuerHomePage/Issuer?id=0D5A0AFEAE8CBD4B6DAA3346C47AD96C&type=G,0D5A0AFEAE8CBD4B6DAA3346C47AD96C,City,03/28/2024,AK,02
NOME ALASKA JT UTIL SYS REV,https://emma.msrb.org/IssuerHomePage/Issuer?id=45FCA5124C578961D42DF82FF646F308&type=G,45FCA5124C578961D42DF82FF646F308,City,03/28/2024,AK,02
NOME ALASKA UTIL REV,https://emma.msrb.org/IssuerHomePage/Issuer?id=3B0860CD417741253AA41568148B21C6&type=G,3B0860CD417741253AA41568148B21C6,City,03/28/2024,AK,02
NOME ALASKA WTR & SWR REV,https://emma.msrb.org/IssuerHomePage/Issuer?id=5896E4AF85A8CF269496BB834B43A016&type=G,5896E4AF85A8CF269496BB834B43A016,City,03/28/2024,AK,02
NORTH SLOPE BORO ALASKA,https://emma.msrb.org/IssuerHomePage/Issuer?id=1692EA892AB31BF2D2A69C2E837CCC3A&type=G,1692EA892AB31BF2D2A69C2E837CCC3A,City,03/28/2024,AK,02
NORTH SLOPE BORO ALASKA EXEMPT FAC INDL REV,https://emma.msrb.org/IssuerHomePage/Issuer?id=EA226240C711FCAB60A13089C81D47A3&type=G,EA226240C711FCAB60A13089C81D47A3,City,03/28/2024,AK,02
NORTH SLOPE BORO ALASKA SVC AREA 10 WTR & WASTEWTR FACS REV,https://emma.msrb.org/IssuerHomePage/Issuer?id=C73928767A3BD99C3FBACF73327595ED&type=G,C73928767A3BD99C3FBACF73327595ED,City,03/28/2024,AK,02
NORTHERN TOB SECURITIZATION CORP ALASKA TOB SETTLEMENT REV,https://emma.msrb.org/IssuerHomePage/Issuer?id=E7AE013049299163F243340AB9573C5E&type=G,E7AE013049299163F243340AB9573C5E,City,03/28/2024,AK,02
PALMER ALASKA,https://emma.msrb.org/IssuerHomePage/Issuer?id=A2DFE6CD6BF8F18A91D743AE0FB88F7A&type=G,A2DFE6CD6BF8F18A91D743AE0FB88F7A,City,03/28/2024,AK,02
PALMER ALASKA CT HSE REV,https://emma.msrb.org/IssuerHomePage/Issuer?id=B29F5FFC00D6C585A2938AF399F89DD3&type=G,B29F5FFC00D6C585A2938AF399F89DD3,City,03/28/2024,AK,02
PALMER ALASKA GOLF COURSELEASE CTFS PARTN,https://emma.msrb.org/IssuerHomePage/Issuer?id=8D4B036EE90105165D0729C7FB1C2431&type=G,8D4B036EE90105165D0729C7FB1C2431,City,03/28/2024,AK,02
PALMER ALASKA HOSP REV,https://emma.msrb.org/IssuerHomePage/Issuer?id=ECD6DA33B63CB2763B806D48AD4FDF68&type=G,ECD6DA33B63CB2763B806D48AD4FDF68,City,03/28/2024,AK,02
PETERSBURG ALASKA,https://emma.msrb.org/IssuerHomePage/Issuer?id=C23436186D8573CB9E76E5EBCE15F91F&type=G,C23436186D8573CB9E76E5EBCE15F91F,City,03/28/2024,AK,02
PETERSBURG ALASKA ELEC WTR REV,https://emma.msrb.org/IssuerHomePage/Issuer?id=C66AB76608474B9901EFEE41556B30FC&type=G,C66AB76608474B9901EFEE41556B30FC,City,03/28/2024,AK,02
PORT LIONS ALASKA REV,https://emma.msrb.org/IssuerHomePage/Issuer?id=EFDA4B73CFBE8F87D5C1DAA4EED6CAB1&type=G,EFDA4B73CFBE8F87D5C1DAA4EED6CAB1,City,03/28/2024,AK,02
SEWARD ALASKA,https://emma.msrb.org/IssuerHomePage/Issuer?id=4D966A14D8652F6B4D5458BD5A73C6ED&type=G,4D966A14D8652F6B4D5458BD5A73C6ED,City,03/28/2024,AK,02
SEWARD ALASKA CTFS PARTN,https://emma.msrb.org/IssuerHomePage/Issuer?id=A5A22A51A687E12A8D7000D5FAFCA4F7&type=G,A5A22A51A687E12A8D7000D5FAFCA4F7,City,03/28/2024,AK,02
SEWARD ALASKA ELEC REV,https://emma.msrb.org/IssuerHomePage/Issuer?id=B66E6101F26F53EB5CB340F867C19FB2&type=G,B66E6101F26F53EB5CB340F867C19FB2,City,03/28/2024,AK,02
SEWARD ALASKA INDL DEV REV,https://emma.msrb.org/IssuerHomePage/Issuer?id=CFACC9377CD11DBCFDBC67F0DCDD3DCC&type=G,CFACC9377CD11DBCFDBC67F0DCDD3DCC,City,03/28/2024,AK,02
SEWARD ALASKA REV,https://emma.msrb.org/IssuerHomePage/Issuer?id=456BCEEDBE319F971A56F24E1798F63F&type=G,456BCEEDBE319F971A56F24E1798F63F,City,03/28/2024,AK,02
SITKA ALASKA,https://emma.msrb.org/IssuerHomePage/Issuer?id=0534231F31B404B9EFEE7ADD4D68B727&type=G,0534231F31B404B9EFEE7ADD4D68B727,City,03/28/2024,AK,02
SITKA ALASKA MUN UTILS REV,https://emma.msrb.org/IssuerHomePage/Issuer?id=F7D6D7A06A5E360162B39164C48B7D81&type=G,F7D6D7A06A5E360162B39164C48B7D81,City,03/28/2024,AK,02
SITKA ALASKA NON-RECOURSE FACS IMPT REV,https://emma.msrb.org/IssuerHomePage/Issuer?id=D5B4C6AD12912E7A2DE73DFD77DCB28D&type=G,D5B4C6AD12912E7A2DE73DFD77DCB28D,City,03/28/2024,AK,02
SKAGWAY ALASKA,https://emma.msrb.org/IssuerHomePage/Issuer?id=F435CD8DADDD2D5271F852CBA331BCD4&type=G,F435CD8DADDD2D5271F852CBA331BCD4,City,03/28/2024,AK,02
SOLDOTNA ALASKA,https://emma.msrb.org/IssuerHomePage/Issuer?id=560B5CD7AC017A2B668E1EA1D41DBF67&type=G,560B5CD7AC017A2B668E1EA1D41DBF67,City,03/28/2024,AK,02
SOLDOTNA ALASKA SPL ASSMT,https://emma.msrb.org/IssuerHomePage/Issuer?id=062A45CE881982B39EFCEB79695E2BAB&type=G,062A45CE881982B39EFCEB79695E2BAB,City,03/28/2024,AK,02
SOUTHEAST ALASKA PWR AGY ELEC REV,https://emma.msrb.org/IssuerHomePage/Issuer?id=8D7FD94F5C49934210B06F704328C38A&type=G,8D7FD94F5C49934210B06F704328C38A,City,03/28/2024,AK,02
UNIVERSITY ALASKA CTFS PARTN,https://emma.msrb.org/IssuerHomePage/Issuer?id=ACCC62EA43F1CCA20BBB3DCB3D4D10B5&type=G,ACCC62EA43F1CCA20BBB3DCB3D4D10B5,City,03/28/2024,AK,02
UNIVERSITY ALASKA HEATING CORP REV,https://emma.msrb.org/IssuerHomePage/Issuer?id=89EE9BF576CC9245579B39BF7048D4B1&type=G,89EE9BF576CC9245579B39BF7048D4B1,City,03/28/2024,AK,02
UNIVERSITY ALASKA UNIV REVS,https://emma.msrb.org/IssuerHomePage/Issuer?id=5A5CA11E5581E0AF5C4F8DFAC31A7E5F&type=G,5A5CA11E5581E0AF5C4F8DFAC31A7E5F,City,03/28/2024,AK,02
VALDEZ ALASKA,https://emma.msrb.org/IssuerHomePage/Issuer?id=1AD225F5F2F73BEDC3F233740E29C025&type=G,1AD225F5F2F73BEDC3F233740E29C025,City,03/28/2024,AK,02
VALDEZ ALASKA HOME MTG REV,https://emma.msrb.org/IssuerHomePage/Issuer?id=89FDB6E041F01E9E343422D6812AE5CA&type=G,89FDB6E041F01E9E343422D6812AE5CA,City,03/28/2024,AK,02
VALDEZ ALASKA MARINE TERM REV,https://emma.msrb.org/IssuerHomePage/Issuer?id=6E224E0C2FEED916B7CA81F65838422D&type=G,6E224E0C2FEED916B7CA81F65838422D,City,03/28/2024,AK,02
WRANGELL ALASKA,https://emma.msrb.org/IssuerHomePage/Issuer?id=9A4F22FCFEA71256578B54F80CD1A0EE&type=G,9A4F22FCFEA71256578B54F80CD1A0EE,City,03/28/2024,AK,02
